sample,t,hofs3,vofs3,o0y,o0x,o0t,o1y,o1x,o2y,o2x
0,0.14,53754,53754,6,220,64,95,216,86,212
1,0.30,6248,6248,6,220,64,95,216,93,212
2,0.44,35169,35169,8,220,64,95,216,100,212
3,0.58,16392,16392,16,220,64,95,216,108,212
4,0.72,4112,4112,23,220,64,96,216,114,212
5,0.86,10240,10240,24,220,64,96,216,120,212
6,1.00,53265,53265,24,220,64,97,216,120,212
7,1.14,35168,35168,24,220,64,99,216,120,212
8,1.27,26672,26672,24,220,64,108,216,120,212
9,1.41,33120,33120,24,220,64,117,216,120,212
10,1.55,10240,10240,24,220,64,120,216,120,212
11,1.69,30720,30720,24,220,64,120,216,114,212
12,1.83,65296,65296,25,220,64,120,216,106,212
13,1.97,59214,59214,33,220,64,120,216,97,212
14,2.11,16392,16392,33,220,64,120,216,92,212
15,2.25,32764,32764,25,220,64,120,216,90,212
16,2.39,53754,53754,20,220,64,96,216,92,212
17,2.53,10496,10496,19,220,64,80,216,96,212
18,2.67,2562,2562,22,220,64,70,216,103,212
19,2.80,18467,18467,27,220,64,66,216,110,212
20,2.95,7192,7192,35,220,64,71,216,118,212
21,3.09,10240,10240,43,220,64,72,216,120,212
22,3.23,18438,18438,49,220,64,67,216,120,212
23,3.37,18473,18473,56,220,64,60,216,120,212
24,3.51,35169,35169,64,220,64,58,216,120,212
25,3.64,17032,17032,72,220,64,65,216,120,212
26,3.77,7449,7449,79,220,64,75,216,120,212
27,3.92,18176,18176,85,220,64,84,216,120,212
28,4.04,8576,8576,88,220,64,94,216,120,212
29,4.17,30720,30720,88,220,64,100,216,120,212
30,4.30,15362,15362,88,220,64,111,216,120,212
31,4.44,16392,16392,88,220,64,120,216,120,212
32,4.58,30736,30736,88,220,64,120,216,120,212
33,4.72,16392,16392,88,220,64,120,216,120,212
34,4.86,53754,53754,88,220,64,120,216,120,212
35,5.00,61444,61444,88,220,64,120,216,120,212
36,5.13,31360,31360,88,220,64,120,216,120,212
37,5.25,51455,51455,88,220,64,120,216,120,212
38,5.38,1,1,88,220,64,120,216,120,212
39,5.52,53754,53754,88,220,64,120,216,120,212
40,5.66,16424,16424,89,220,64,116,216,120,212
41,5.80,4112,4112,83,220,64,96,216,120,212
42,5.94,53754,53754,74,220,64,78,216,120,212
43,6.08,18050,18050,66,220,64,69,216,120,212
44,6.22,8196,8196,58,220,64,69,216,120,212
45,6.36,59214,59214,51,220,64,72,216,120,212
46,6.48,55809,55809,49,220,64,72,216,120,212
47,6.64,192,192,49,220,64,72,216,120,212
48,6.78,7192,7192,54,220,64,72,216,120,212
49,6.92,53280,53280,61,220,64,73,216,120,212
50,7.06,1,1,67,220,64,79,216,120,212
51,7.20,53754,53754,75,220,64,84,216,120,212
52,7.34,32764,32764,82,220,64,74,216,120,212
53,7.47,15362,15362,90,220,64,66,216,120,212
54,7.61,65310,65310,95,220,64,64,216,120,212
55,7.75,10240,10240,97,220,64,64,216,120,212
56,7.89,18167,18167,103,220,64,68,216,120,212
57,8.03,3721,3721,110,220,64,76,216,120,212
58,8.17,65296,65296,117,220,64,86,216,120,212
59,8.31,59214,59214,120,220,64,97,216,120,212
60,8.45,16392,16392,120,220,64,107,216,120,212
61,8.59,8196,8196,120,220,64,117,216,120,212
62,8.73,7192,7192,120,220,64,120,216,120,212
63,8.87,18184,18184,120,220,64,120,216,120,212
64,9.01,8196,8196,120,220,64,120,216,120,212
65,9.15,7192,7192,120,220,64,120,216,120,212
66,9.29,45187,45187,120,220,64,120,216,120,212
67,9.42,35169,35169,120,220,64,116,216,120,212
68,9.56,7192,7192,109,220,64,93,216,120,212
69,9.70,32384,32384,90,220,64,92,216,120,212
70,9.84,8196,8196,76,220,64,97,216,120,212
71,9.98,59214,59214,67,220,64,88,216,120,212
72,10.12,6601,6601,67,220,64,82,216,120,212
73,10.26,33120,33120,72,220,64,79,216,120,212
74,10.40,10240,10240,72,220,64,79,216,120,212
75,10.54,3840,3840,67,220,64,79,216,120,212
76,10.68,32764,32764,62,220,64,80,216,120,212
77,10.82,16392,16392,60,220,64,80,216,120,212
78,10.96,18048,18048,63,220,64,83,216,120,212
79,11.10,18467,18467,70,220,64,88,216,120,212
80,11.24,59214,59214,87,220,64,92,216,120,212
81,11.38,8196,8196,102,220,64,101,216,115,207
82,11.51,59214,59214,119,220,64,117,216,150,107
83,11.65,0,0,109,220,64,115,216,158,96
84,11.79,59214,59214,92,220,64,104,216,156,100
85,11.93,8196,8196,93,220,64,99,216,110,130
86,12.07,7192,7192,100,220,64,100,216,113,135
87,12.21,18467,18467,99,220,64,107,216,125,102
88,12.35,10240,10240,102,220,64,118,216,123,95
89,12.49,65296,65296,107,220,64,120,216,127,99
90,12.63,10240,10240,115,220,64,120,216,0,0
91,12.77,49420,49420,120,220,64,120,216,0,0
92,12.91,192,192,120,220,64,120,216,0,0
93,13.05,7192,7192,120,220,64,120,216,0,0
94,13.19,20495,20495,120,220,64,124,216,0,0
95,13.31,2458,2458,105,220,64,124,216,0,0
96,13.44,36338,36338,87,220,64,121,216,0,0
97,13.58,10390,10390,73,220,64,98,216,0,0
98,13.71,33120,33120,67,220,64,86,216,0,0
99,13.85,7192,7192,68,220,64,78,216,0,0
100,13.99,58945,58945,72,220,64,80,216,0,0
101,14.13,32764,32764,72,220,64,81,216,0,0
102,14.27,53754,53754,66,220,64,70,216,0,0
103,14.41,35168,35168,62,220,64,67,216,0,0
104,14.54,6152,6152,60,220,64,70,216,0,0
105,14.68,10240,10240,64,220,64,80,216,0,0
106,14.82,30753,30753,72,220,64,89,216,0,0
107,14.96,1,1,86,220,64,93,216,0,0
108,15.10,7192,7192,103,220,64,94,216,0,0
109,15.24,65296,65296,118,220,64,95,216,0,0
110,15.38,65310,65310,120,220,64,95,216,0,0
111,15.52,6178,6178,120,220,64,95,216,85,16
112,15.66,59214,59214,118,220,64,95,216,82,20
113,15.80,4,4,110,220,64,95,216,86,25
114,15.94,16392,16392,104,220,64,89,216,95,36
115,16.08,2459,2459,102,220,64,79,216,112,50
116,16.22,12,12,103,220,64,73,216,125,56
117,16.36,57344,57344,107,220,64,71,216,129,61
118,16.50,16392,16392,115,220,64,71,216,117,71
119,16.63,7192,7192,120,220,64,74,216,117,79
120,16.77,5376,5376,120,220,64,82,216,255,64
121,16.91,192,192,120,220,64,90,216,255,64
122,17.05,16392,16392,120,220,64,94,216,255,64
123,17.19,32867,32867,120,220,64,94,216,255,64
124,17.33,16392,16392,120,220,64,95,216,255,64
125,17.47,10240,10240,120,220,64,95,216,255,64
126,17.61,39168,39168,116,220,64,95,216,255,64
127,17.75,32764,32764,96,220,64,96,216,255,64
128,17.89,53754,53754,92,220,64,96,216,255,64
129,18.03,65296,65296,97,220,64,101,216,255,64
130,18.17,59214,59214,99,220,64,112,216,255,64
131,18.31,6178,6178,100,220,64,120,216,255,64
132,18.45,7192,7192,105,220,64,120,216,255,64
133,18.59,8192,8192,112,220,64,120,216,255,64
134,18.73,2562,2562,117,220,64,120,216,255,64
135,18.87,35168,35168,108,220,64,120,216,255,64
136,19.01,20495,20495,99,220,64,120,216,255,64
137,19.13,769,769,91,220,64,120,216,255,64
138,19.28,10240,10240,83,220,64,120,216,255,64
139,19.42,10240,10240,80,220,64,120,216,255,64
140,19.56,8192,8192,79,220,64,120,216,255,64
141,19.70,7192,7192,83,220,64,120,216,255,64
142,19.84,4112,4112,88,220,64,99,216,255,64
143,19.97,53754,53754,88,220,64,80,216,255,64
144,20.12,57344,57344,88,220,64,70,216,255,64
145,20.26,4864,4864,88,220,64,66,216,255,64
146,20.40,16392,16392,84,220,64,71,216,255,64
147,20.54,59214,59214,61,220,64,72,216,255,64
148,20.68,32764,32764,60,220,64,72,216,255,64
149,20.82,19491,19491,66,220,64,72,216,255,64
150,20.96,35169,35169,67,220,64,77,216,255,64
151,21.10,18467,18467,69,220,64,88,216,255,64
152,21.23,1,1,75,220,64,76,216,255,64
153,21.37,10240,10240,83,220,64,66,216,255,64
154,21.51,35169,35169,90,220,64,64,216,255,64
155,21.65,53754,53754,98,220,64,68,216,255,64
156,21.79,17472,17472,104,220,64,77,216,255,64
157,21.93,33,33,108,220,64,90,216,255,64
158,22.07,7192,7192,100,220,64,107,216,255,64
159,22.21,12289,12289,92,220,64,120,216,255,64
160,22.35,33120,33120,84,220,64,120,216,255,64
161,22.49,10240,10240,75,220,64,111,216,255,64
162,22.63,20,20,67,220,64,102,216,255,64
163,22.77,16392,16392,59,220,64,98,216,255,64
164,22.90,65533,65533,51,220,64,99,216,255,64
165,23.04,53754,53754,255,32,68,255,32,255,48
166,23.18,12368,12368,255,32,68,255,32,255,48
167,23.32,17504,17504,255,32,68,255,32,255,48
168,23.46,8196,8196,255,32,68,255,32,255,48
169,23.60,39881,39881,255,32,68,255,32,255,48
170,23.74,5632,5632,255,32,68,255,32,255,48
171,23.88,0,0,255,32,68,255,32,255,48
172,24.02,39854,39854,255,32,68,255,32,255,48
173,24.16,30720,30720,255,32,68,255,32,255,48
174,24.30,16392,16392,255,32,68,255,32,255,48
175,24.44,6399,6399,255,32,68,255,32,255,48
176,24.58,9165,9165,255,32,68,255,32,255,48
177,24.72,18466,18466,255,32,68,255,32,255,48
178,24.85,53514,53514,255,32,64,255,48,14,10
179,24.99,18951,18951,255,32,64,255,48,14,10
180,25.13,8196,8196,255,32,64,255,48,14,10
181,25.27,2459,2459,255,32,64,255,48,14,10
182,25.41,53507,53507,255,32,64,255,48,14,10
183,25.55,35169,35169,255,32,64,255,48,14,10
184,25.69,29799,29799,255,32,64,255,48,14,10
185,25.83,10272,10272,255,32,64,255,48,14,10
186,25.97,18466,18466,255,32,64,255,48,14,10
187,26.10,51455,51455,255,32,64,255,48,14,10
188,26.22,36865,36865,255,32,64,255,48,14,10
189,26.39,57344,57344,255,32,64,255,48,14,13
190,26.52,19491,19491,255,32,64,255,48,14,14
191,26.67,51455,51455,255,32,64,255,48,14,14
192,26.81,8196,8196,255,32,64,255,48,14,13
193,26.95,19467,19467,255,32,64,255,48,14,10
194,27.08,8201,8201,255,32,64,255,48,14,10
195,27.22,10240,10240,255,32,64,255,48,14,10
196,27.36,35168,35168,255,32,64,255,48,14,10
197,27.50,20737,20737,255,32,64,255,48,14,10
198,27.64,17218,17218,255,32,64,255,48,14,10
199,27.78,16392,16392,255,32,64,255,48,14,10
200,27.92,39881,39881,255,32,64,255,48,14,10
201,28.05,30256,30256,255,32,64,255,48,14,10
